Match number; Team Number; Taxi; Auto Shots High; Auto Shots Low; Auto Shots Taken; Two Ball; Tele Shots High; Tele Shots Low; Tele Shots Taken; Defense; Disabled; Main Focus; Endgame Shooting; Climb Level; Defense Comments; Catastrophe Comments; Other Comments 
1;5705; False;0;0;0; False;0;0;0; False; No; ['']; False;-1; ; ; No Show
1;2506; False;0;0;0; True;4;0;4; False; No; ['Shooting High', ' ']; False;4; ; ; 
1;2481; True;2;0;3; True;22;0;26; False; No; ['Shooting High', ' ']; True;4; ; ; 
1;2959; True;1;0;1; True;8;0;8; False; No; ['Shooting High', ' ']; False;3; ; ; 
1;8898; True;0;0;0; False;0;0;0; True; No; ['Defense', ' ']; False;-1; They didn't do good they could push them around easy but they act lost most of the time; ; 
1;2590; True;0;0;2; True;1;0;2; False; Yes; ['Shooting High', ' ']; True;4; ; They died shortly after doing just 1 cycle. They came back alive to traverse but took 50 seconds to get it; 
2;1756; True;3;0;3; True;12;0;12; False; No; ['Shooting High', ' ']; False;2; ; ; 
2;86; True;0;0;1; False;2;0;2; False; Yes; ['Shooting High', ' ']; False;-1; ; They deactivated at the beginning ; 
2;4329; True;0;0;2; True;6;0;12; False; No; ['Shooting High', ' ']; True;2; ; ; 
2;118; True;3;0;5; True;25;0;25; False; No; ['Shooting High', ' ']; False;4; ; ; 
2;5612; True;1;0;1; False;1;0;1; True; No; ['Defense', ' ']; False;0; ; ; 
3;4381; True;1;0;1; True;11;0;11; False; No; ['Shooting High', ' ']; False;2; ; ; 
3;3256; True;0;0;1; True;1;0;5; False; Maybe; ['Shooting High', ' ']; False;0; ; ; 
3;3476; True;4;0;5; True;13;0;13; False; No; ['Shooting High', ' ']; False;4; ; ; 
3;5114; True;3;0;4; True;7;0;11; False; No; ['Shooting High', ' ']; False;3; ; ; 
3;3414; True;0;0;0; True;6;0;9; False; No; ['Shooting High', ' ']; True;0; ; ; 
3;6413; True;0;0;1; False;0;0;0; True; No; ['Defense', ' ']; False;-1; They played it good by forcing on defensive and they can push other robots easy; ; 
4;2601; None;0;0;0; True;9;0;9; False; No; ['Shooting High', ' ']; False;2; ; ; 
4;3970; False;1;0;2; True;13;0;13; False; No; ['Shooting High', ' ']; True;-1; ; ; 
4;2168; True;0;0;4; True;6;0;14; False; No; ['Shooting High', ' ']; True;0; ; ; 
4;2438; True;0;0;1; False;1;0;3; False; No; ['Shooting Low', ' ']; False;2; ; ; 
4;2147; True;0;0;2; True;9;0;12; False; No; ['Shooting High', ' ']; False;0; ; ; 
5;6672; True;0;0;0; True;10;0;10; False; No; ['Shooting High', ' ']; False;4; ; ; 
5;2556; True;2;0;2; True;6;0;7; False; No; ['Shooting High', ' ']; False;4; ; ; 
5;1477; True;1;0;2; True;13;0;15; False; No; ['Shooting High', ' ']; True;0; ; ; 
5;5809; True;0;1;1; True;9;0;10; False; No; ['Shooting High', ' ']; True;0; ; ; 
5;5089; True;1;0;2; True;0;6;7; False; No; ['Shooting Low', ' ']; False;1; ; ; 
5;5422; True;0;0;1; True;2;0;4; False; No; ['Shooting High', ' ']; True;2; ; ; 
4;2638; True;0;0;1; True;5;0;9; False; No; ['Shooting High', ' ']; False;4; ; ; 
6;4415; True;4;4;4; None;10;0;10; False; No; ['Shooting High', ' ']; False;4; ; ; 
6;8841; True;2;0;2; True;8;0;10; False; No; ['Shooting High', ' ']; False;4; ; ; 
6;3504; True;0;0;2; True;4;0;5; False; No; ['Shooting High', ' ']; True;2; ; ; 
6;8122; True;1;0;1; True;3;0;5; True; No; ['Defense', ' Shooting High', ' ']; True;2; ; ; 
6;857; True;1;0;2; True;2;0;3; True; No; ['Shooting High', ' ']; False;4; ; ; 
6;1918; True;0;0;0; True;6;0;6; False; No; ['Shooting High', ' ']; False;4; ; ; 
7;2586; True;0;0;0; True;0;0;0; True; No; ['Defense', ' ']; False;4; ; ; 
7;316; True;2;0;2; True;7;0;9; False; No; ['Shooting High', ' ']; False;4; ; ; 
7;2974; True;1;0;2; True;13;0;15; False; No; ['Shooting High', ' ']; False;2; ; ; 
7;254; True;4;0;4; True;17;0;20; False; No; ['Shooting High', ' ']; True;4; ; ; 
7;401; True;2;0;2; None;18;0;20; False; No; ['Shooting High', ' ']; False;2; ; ; 
7;1816; True;2;0;3; True;0;0;0; True; No; ['Defense', '']; False;0; Stock like glue, great defense ; ; 
8;2557; True;3;0;3; True;12;0;12; False; No; ['Shooting High', ' ']; False;4; ; ; 
8;3459; True;0;0;1; True;1;0;3; False; No; ['Shooting High', ' ']; False;3; ; ; 
8;8546; True;0;0;0; False;0;0;0; True; No; ['Defense', ' ']; False;3; ; ; 
8;3937; True;0;0;0; True;12;0;17; False; No; ['Shooting High', ' ']; False;3; ; ; 
8;1732; True;2;0;2; True;11;0;13; False; Maybe; ['Shooting High', ' ']; True;-1; ; They had a pause for 10 seconds during teleop; 
8;559; True;0;1;2; True;0;12;15; False; No; ['Shooting Low', ' ']; False;2; ; ; 
9;4135; True;1;0;1; False;0;0;0; True; Yes; ['Defense', ' ']; False;-1; ; ; Lost Bumper
; ; True;2;0;4; True;5;4;9; False; No; ['Shooting High', ' ']; False;4; ; ; 
9;1023; True;3;0;3; True;12;0;15; False; No; ['Shooting High', ' ']; False;0; ; ; 
9;498; True;0;0;1; True;7;0;8; False; No; ['Shooting High', ' ']; False;3; ; ; 
9;5724; True;1;0;2; True;4;0;6; False; No; ['Shooting High', ' ']; False;3; ; ; 
9;364; True;3;0;3; True;7;0;8; False; No; ['Shooting High', ' ']; False;1; ; ; Easy defened on 
10;3166; True;0;0;0; False;0;0;0; True; No; ['Defense', ' ']; False;0; ; ; 
10;4786; True;2;0;2; True;5;0;5; False; No; ['Shooting High', ' ']; False;4; ; ; 
11;1828; True;0;0;0; False;7;0;7; False; No; ['Shooting High', ' ']; False;1; ; ; 
10;88; True;4;0;4; True;4;0;6; False; Yes; ['Shooting High', ' ']; False;4; ; ; 
10;8590; True;2;0;2; True;5;0;7; False; No; ['Shooting High', ' ']; True;0; ; ; Super slow shooter
10;3175; True;2;0;2; True;17;0;17; False; No; ['Shooting High', ' ']; True;0; ; ; 
11;2960; True;3;0;3; True;5;0;5; False; No; ['Shooting High', ' ']; False;4; ; ; 
11;8153; True;0;1;1; False;0;0;0; False; Yes; ['Shooting Low', ' ']; False;-1; ; ; 
11;846; True;4;0;4; True;4;0;12; None; No; ['Shooting High', ' ']; False;4; ; ; 
11;1629; True;2;0;2; True;9;0;10; False; No; ['Shooting High', ' ']; False;3; ; ; 
11;1506; True;0;0;2; True;11;0;15; False; No; ['Shooting High', ' ']; True;-1; ; ; 
11;1868; True;1;0;1; True;1;0;7; False; Maybe; ['Shooting High', ' ']; False;0; ; Died in hanger, no coms probably ; Light bumps is all needed to block them, unaccuate 
18;3175; True;2;0;2; True;12;0;12; False; No; ['Shooting High', ' ']; False;3; ; ; 
18;254; True;3;0;3; True;24;0;27; False; No; ['Shooting High', ' ']; True;4; ; ; 
19;5089; True;1;0;2; True;9;0;11; False; No; ['Shooting High', ' ']; False;2; ; ; 
18;3504; True;1;0;1; True;7;0;8; False; No; ['Shooting High', ' ']; True;-1; ; ; 
18;6413; True;1;0;1; False;0;0;0; True; No; ['Defense', ' ']; False;-1; They just drove around; ; 
18;1023; True;0;0;0; True;9;0;10; True; No; ['Shooting High', ' ']; False;-1; Defend okay annnnnd shooter ; ; Okay robot 
19;599; True;0;2;2; True;0;0;0; True; No; ['Defense', ' ']; False;0; ; ; 
19;1886; True;0;0;2; True;0;0;1; False; No; ['Shooting Low', ' ']; False;2; ; ; 
19;3414; True;1;0;3; True;6;0;7; False; No; ['Shooting High', ' ']; False;2; ; ; 
19;2168; True;2;0;2; True;5;0;9; False; No; ['Shooting High', ' ']; False;4; Used the penalty box to advantage ; ; Accurate shooter 
19;4786; True;2;0;3; None;4;0;7; False; No; ['Shooting High', ' ']; False;2; ; ; 
20;4381; True;4;0;4; True;11;0;11; False; No; ['Shooting High', ' ']; False;2; ; ; 
20;694; True;2;0;2; True;16;0;16; False; No; ['Shooting High', ' ']; False;3; ; ; 
20;3641; True;4;0;3; True;6;0;8; False; No; ['Shooting High', ' ']; False;4; ; ; 
20;2974; True;5;0;5; True;19;0;19; False; No; ['Shooting High', ' ']; False;3; ; ; 
20;2959; True;2;0;2; True;4;0;8; False; No; ['Shooting High', ' ']; True;2; ; ; 
20;4135; True;1;0;1; True;0;0;0; True; No; ['Defense', ' ']; False;-1; Okay but not good defense ; ; 
21;3476; True;4;0;4; True;12;0;12; False; No; ['Shooting High', ' ']; False;4; ; ; 
21;2960; True;0;0;0; True;15;0;13; False; No; ['Shooting High', ' ']; False;4; ; ; 
21;1828; True;1;0;2; False;0;0;0; True; No; ['Defense', ' ']; False;0; ; ; 
21;498; True;2;0;4; True;7;0;9; False; No; ['Shooting High', ' ']; False;3; ; ; Shoots from the fender
21;1732; True;5;0;5; True;8;0;11; False; No; ['Shooting High', ' ']; True;3; They are super fast; ; 
22;3973; True;0;0;0; True;14;0;14; False; No; ['Shooting High', ' ']; True;0; ; ; 
22;1629; True;1;0;1; False;5;0;8; False; No; ['Shooting High', ' ']; False;4; ; ; 
22;7541; True;1;0;2; True;7;0;10; False; No; ['Shooting High', ' ']; False;4; ; ; 
22;2687; True;4;0;4; True;6;0;9; False; No; ['Shooting High', ' ']; False;4; ; ; 
22;2586; True;3;0;3; True;12;0;12; False; No; ['Shooting High', ' ']; False;4; ; ; 
22;8590; False;1;0;1; False;0;1;3; True; No; ['Defense', ' Shooting High', ' ']; False;2; Bad defense ; ; Slow shooter
23;5422; True;0;0;0; True;5;0;5; False; No; ['Shooting High', ' ']; False;2; ; ; 
23;8546; True;0;0;0; False;0;0;0; True; No; ['Defense', ' ']; False;4; ; ; 
23;8573; True;1;0;2; False;3;0;6; False; No; ['Shooting High', ' ']; False;3; ; ; 
23;5724; True;2;0;2; True;5;0;9; False; No; ['Shooting High', ' ']; False;3; ; ; 
24;5086; True;1;0;4; True;11;1;13; False; No; ['Shooting High', ' ']; False;4; ; ; 
23;3166; True;1;0;1; False;0;0;0; True; No; ['Defense', ' ']; False;0; ; ; 
24;1756; True;3;0;3; True;0;0;0; False; Yes; ['Shooting High', ' ']; False;-1; ; Looks like bot died with battery problems ; 
24;8122; True;1;0;1; True;7;0;7; False; No; ['Shooting High', ' ']; True;2; ; ; 
24;88; True;1;0;3; True;12;0;16; False; No; ['Shooting High', ' ']; False;4; ; ; 
24;8153; True;0;0;0; True;0;2;2; True; No; ['Shooting Low', ' ']; False;4; ; ; 
24;1745; False;0;0;0; False;0;0;0; False; Yes; ['']; False;-1; ; They could not move the entire match; 
24;1619; True;2;0;4; True;21;0;21; False; No; ['Shooting High', ' ']; True;4; ; ; 12 sec traversal
25;2557; True;1;1;1; True;13;0;13; False; No; ['Shooting High', ' ']; False;4; ; ; 
28;5705; True;5;0;2; True;3;0;6; None; No; ['Shooting High', ' ']; False;2; ; ; 
25;846; True;2;0;2; True;7;0;9; False; No; ['Shooting High', ' ']; False;4; ; ; 
25;316; True;0;0;0; True;6;0;9; False; No; ['Shooting High', ' ']; False;4; ; ; 
25;6652; True;1;0;2; True;17;0;19; False; No; ['Shooting High', ' ']; True;-1; ; ; 
25;1914; True;2;0;2; True;5;0;8; False; No; ['Shooting High', ' ']; True;2; ; ; Stupid fast, regular bot
27;2481; True;2;0;2; True;24;0;24; False; No; ['Shooting High', ' ']; True;4; ; ; 
27;3414; True;1;0;2; True;8;0;10; False; No; ['Shooting High', ' ']; True;3; ; ; 
27;5089; True;1;0;2; True;6;0;6; False; ; ['Shooting High', ' ']; False;2; ; ; 
27;4415; True;3;0;5; True;12;0;14; False; No; ['Shooting High', ' ']; True;3; ; ; 
27;3459; True;0;0;1; False;0;0;0; True; No; ['Defense', ' ']; False;2; They just drove around ; ; 
27;2601; True;1;0;1; True;6;0;6; False; Yes; ['Shooting High', ' ']; True;0; ; Lost coms probably ; Used our style of shooting 
28;2168; True;3;0;3; True;23;0;23; False; No; ['Shooting High', ' ']; True;-1; ; ; 
28;857; True;1;0;1; False;0;0;0; True; No; ['Defense', ' ']; False;4; Not well they couldn't really push any robots; ; 
28;694; True;3;0;3; True;7;0;10; False; No; ['Shooting High', ' ']; True;4; ; ; 
28;2556; True;2;0;2; True;3;0;7; False; No; ['Shooting High', ' ']; False;3; ; ; 
28;2506; True;1;0;1; True;0;0;0; True; Yes; ['Defense', ' ']; False;-1; Ramming into other bots ; Lost coms probably from ram defense ; Scary defense 
28;6413; True;2;0;2; True;5;0;5; False; No; ['Shooting High', ' ']; False;2; ; ; 43 sec climb
29;2959; True;2;0;2; True;11;0;11; False; No; ['Shooting High', ' ']; False;3; ; ; 
29;1828; True;0;0;0; True;0;4;6; False; No; ['Shooting Low', ' ']; False;2; ; ; 
29;401; True;4;0;5; True;2;0;10; False; Maybe; ['Shooting High', ' ']; False;3; ; ; 
29;599; True;0;2;2; True;0;0;0; True; No; ['Defense', ' ']; False;2; ; ; 
29;86; True;1;0;1; True;3;0;3; False; No; ['Shooting High', ' ']; False;3; ; ; 
29;1023; True;2;0;2; True;9;0;12; True; No; ['Shooting High', ' ']; True;0; Okay defense ; ; 
30;4381; True;5;0;5; True;8;0;8; False; No; ['Shooting High', ' ']; True;0; ; ; Almost tilted over
30;3175; True;1;0;1; True;18;0;18; False; No; ['Shooting High', ' ']; True;0; ; ; They hit 3970
30;1506; True;2;0;2; True;5;0;6; False; No; ['Shooting High', ' ']; True;-1; ; ; 
30;3970; True;3;0;3; True;11;0;12; False; No; ['Shooting High', ' ']; False;2; ; ; 
30;1732; True;4;0;4; True;15;0;19; False; No; ['Shooting High', ' ']; False;3; ; ; 
30;7541; True;1;0;1; True;6;0;12; False; No; ['Shooting High', ' ']; False;0; ; ; 
31;4329; True;4;0;4; True;12;0;12; False; Maybe; ['Shooting High', ' ']; False;-1; ; ; 
31;4786; True;1;0;1; False;5;0;10; False; No; ['Shooting High', ' ']; False;4; ; ; 20 sec easy climb
31;2687; False;0;0;0; True;3;0;5; False; No; ['Shooting High', ' ']; False;0; ; ; 
31;3504; True;3;0;3; True;6;0;7; False; No; ['Shooting High', ' ']; False;2; ; ; 
31;3476; True;5;0;5; True;8;0;11; False; No; ['Shooting High', ' ']; False;4; ; ; 
31;2960; True;2;0;2; True;5;0;9; False; No; ['Shooting High', ' ']; True;3; ; ; 
32;3256; True;3;0;3; True;5;0;5; False; No; ['Shooting High', ' ']; False;1; ; ; 
32;5422; True;0;0;0; True;3;1;9; False; No; ['Shooting High', ' ']; False;4; ; ; 
32;3937; True;2;0;3; True;6;0;8; False; No; ['Shooting High', ' ']; False;4; ; ; 
32;5612; True;0;0;0; True;0;0;0; True; No; ['Defense', ' ']; False;2; Not much effect but ok; ; 
32;2147; True;2;0;2; True;8;0;11; True; No; ['Shooting High', ' ']; True;-1; Not careful ; ; 
32;8153; True;0;2;1; True;0;2;2; True; Maybe; ['Defense', ' ']; False;2; Subpar just drove around to no effectiveness ; Stayed still near hanger zone for 10 seconds; 
33;1629; True;0;0;0; True;2;0;2; True; No; ['Defense', ' Shooting High', ' ']; True;4; ; ; 
33;5809; True;1;0;3; True;2;0;2; False; No; ['Shooting High', ' ']; False;2; ; ; 
33;2974; True;3;0;3; True;8;1;10; False; No; ['Shooting High', ' ']; True;2; ; ; 
33;1914; True;2;0;2; True;5;0;8; False; No; ['Shooting High', ' ']; False;2; ; ; 
33;5086; True;1;0;1; True;4;0;4; False; No; ['Shooting High', ' ']; False;3; ; ; 
33;8122; True;2;0;2; True;6;0;11; False; No; ['Shooting High', ' ']; True;0; ; ; 
34;3641; True;0;0;0; True;8;0;8; False; No; ['Shooting High', ' ']; False;4; ; ; 
34;846; True;0;0;2; True;7;0;9; False; No; ['Shooting High', ' ']; False;2; ; ; 
34;5114; True;3;0;4; True;5;0;8; False; No; ['Shooting High', ' ']; False;3; ; ; 
34;1756; True;5;0;5; True;20;0;23; False; No; ['Shooting High', ' ']; True;2; ; ; 
34;498; True;0;0;0; False;0;0;0; True; No; ['Defense', ' ']; False;2; There really good at it they stop all of them from scoring.; ; 
34;8573; True;1;0;1; True;3;0;4; False; No; ['Shooting High', ' ']; True;0; ; ; 
35;5705; True;2;0;2; True;1;0;1; False; No; ['Shooting High', ' ']; True;0; ; ; 
35;1771; True;2;0;2; True;10;0;16; False; No; ['Shooting High', ' ']; True;0; ; ; 
35;364; True;3;0;3; True;8;0;9; False; No; ['Shooting High', ' ']; False;0; ; ; 
35;88; True;4;0;4; True;10;0;13; False; No; ['Shooting High', ' ']; False;4; ; ; 
35;1477; True;2;0;2; True;7;0;13; False; No; ['Shooting High', ' ']; True;0; ; ; Hard time picking up things 
35;8841; True;1;0;1; True;0;0;0; True; No; ['Defense', ' ']; False;3; ; ; 
36;8590; False;0;0;0; True;4;0;4; False; No; ['Shooting High', ' ']; True;2; ; ; 
36;5903; False;0;0;1; True;1;0;2; False; No; ['Shooting High', ' ']; True;0; ; ; 
36;2557; True;2;0;2; True;9;0;9; False; No; ['Shooting High', ' ']; False;3; ; ; 
36;5724; True;1;0;1; True;4;0;5; False; No; ['Shooting High', ' ']; False;2; ; ; 
36;1731; True;1;0;2; True;10;0;15; False; No; ['Shooting High', ' ']; False;0; ; ; 
36;2638; True;0;1;2; True;3;1;8; False; No; ['Shooting High', ' ']; False;3; ; ; 
37;1619; True;4;0;4; True;26;0;26; False; No; ['Shooting High', ' ']; True;-1; ; ; 
37;8546; True;0;0;0; True;0;0;0; True; Yes; ['Defense', ' ']; False;-1; Just drove around little contact ; They lost power in the middle of the match; 
40;2481; True;3;0;3; True;11;0;13; False; No; ['Shooting High', ' ']; False;4; ; ; 
40;3504; True;2;0;2; True;5;0;5; False; No; ['Shooting High', ' ']; True;2; ; ; 
40;86; True;0;0;0; True;7;0;7; False; No; ['Shooting High', ' ']; True;4; ; ; Troll ball
40;3256; True;0;0;3; True;4;0;5; False; No; ['Shooting High', ' ']; False;0; ; ; 
40;1918; True;2;0;2; True;3;0;5; False; No; ['Shooting High', ' ']; False;0; ; ; They fell off the climb
40;4786; True;2;0;2; False;6;0;8; False; No; ['Shooting High', ' ']; False;4; ; ; 
41;3970; True;1;0;1; True;10;0;10; False; No; ['Shooting High', ' ']; False;3; ; ; Our sponsor plate came off
41;599; True;0;1;1; True;1;0;1; True; No; ['Defense', ' ']; False;-1; Really great defense; ; 
41;2590; True;2;0;2; True;11;0;11; False; No; ['Shooting High', ' ']; False;2; ; ; 
41;8153; True;0;0;0; True;0;0;0; False; Yes; ['Shooting Low', ' ']; False;-1; ; Lost coms; 
41;1914; True;1;0;2; True;6;0;8; False; No; ['Shooting High', ' ']; False;3; ; ; 
41;6413; True;2;0;2; True;0;0;0; True; No; ['Defense', ' ']; False;0; ; ; 
42;254; True;5;0;5; True;25;0;25; False; No; ['Shooting High', ' ']; True;4; ; ; 
42;2687; True;2;0;2; True;11;0;13; False; No; ['Shooting High', ' ']; False;4; ; ; 
42;8122; True;1;0;2; True;3;1;8; False; No; ['Shooting High', ' ']; False;2; ; ; 
42;2147; True;2;0;2; True;18;0;23; False; No; ['Shooting High', ' ']; True;-1; ; ; 
42;5086; True;2;0;2; True;4;0;4; False; No; ['Shooting High', ' ']; False;2; ; ; 
42;2168; True;0;0;0; True;6;0;9; False; No; ['Shooting High', ' ']; False;4; ; ; 
43;1828; True;1;0;1; True;6;0;6; False; No; ['Shooting High', ' ']; False;2; ; ; 
43;4329; True;4;4;4; True;10;0;10; False; ; ['Shooting High', ' ']; False;-1; ; ; 
43;3641; True;1;4;1; True;8;0;8; False; No; ['Shooting High', ' ']; False;4; ; ; 
43;3937; True;1;1;2; True;17;0;19; False; No; ['Shooting High', ' ']; True;4; ; ; Interesting operation of climber and shooter
43;846; True;2;0;2; True;14;0;15; False; No; ['Shooting High', ' ']; False;4; ; ; 
43;5089; True;2;0;2; True;3;0;3; False; No; ['Shooting High', ' ']; True;2; ; ; 
44;857; True;0;0;0; True;8;0;8; False; No; ['Shooting High', ' ']; False;4; ; ; 
44;5903; True;0;0;1; True;5;0;5; False; No; ['Shooting High', ' ']; True;2; ; ; 
44;498; True;1;0;2; True;3;0;5; False; No; ['Shooting High', ' ']; False;3; ; ; 
43;2601; True;1;0;1; True;5;0;6; False; No; ['Shooting High', ' ']; False;0; ; ; 
44;5422; True;1;0;1; True;1;0;3; False; No; ['Shooting High', ' ']; False;3; ; ; 
44;1771; True;5;0;5; True;15;0;17; False; No; ['Shooting High', ' ']; True;2; ; ; 
45;364; True;5;0;5; True;11;0;11; None; No; ['Shooting High', ' ']; False;0; ; ; 
45;8573; False;0;0;0; False;0;0;0; False; Yes; ['']; False;-1; ; ; 
45;2577; True;2;0;2; True;11;0;11; False; No; ['Shooting High', ' ']; False;3; ; ; 
45;2974; False;5;0;5; False;14;0;15; False; No; ['Shooting High', ' ']; False;2; ; ; 
45;8898; False;0;0;0; True;0;0;0; False; No; ['Defense', ' ']; False;-1; ; ; Did nothing the entire game 
45;3476; True;3;0;3; True;3;0;4; True; No; ['Defense', ' Shooting High', ' ']; False;2; Ok; ; Took 10 secs to get hanger going
46;1731; True;1;0;1; False;4;0;4; False; ; ['Shooting High', ' ']; False;4; ; ; 
46;3175; True;1;0;2; True;11;0;13; False; No; ['Shooting High', ' ']; True;1; ; ; 
46;3459; None;0;0;1; True;0;0;0; False; No; ['Defense', ' ']; False;-1; ; ; Something may be wrong with the robot?
46;1477; True;3;0;3; True;8;0;13; False; No; ['Shooting High', ' ']; True;2; ; ; 
47;2438; True;1;0;1; True;5;0;7; False; No; ['Shooting High', ' g']; False;4; ; ; 
46;1868; True;1;0;1; True;0;0;1; True; No; ['Defense', ' ']; False;3; They can push but not to much affect; ; 
47;5612; True;0;0;0; False;0;0;0; True; No; ['Defense', ' ']; False;1; There not that good when he trys to defend people they still score; ; 
47;2959; True;1;0;1; True;0;6;8; False; No; ['Shooting Low', ' ']; False;2; ; ; 
47;88; True;4;0;4; True;4;3;14; False; No; ['Shooting Low', ' Shooting High', ' ']; True;4; ; ; Got rammed into, easy climb
47;1629; True;1;0;2; True;9;0;9; False; No; ['Shooting High', ' ']; True;4; ; ; 
48;2960; True;0;0;0; True;9;0;9; False; No; ['Shooting High', ' ']; False;0; ; ; They jumped off the bar.
48;1619; True;3;0;5; True;22;0;24; False; No; ['Shooting High', ' ']; True;4; ; ; 
48;3166; True;2;0;2; False;0;0;0; True; No; ['Defense', ' ']; False;2; They where good they keep them away from the ball; ; 
48;1541; True;1;0;1; True;9;0;12; False; No; ['Shooting High', ' ']; False;4; ; ; 
48;4135; True;0;0;1; True;0;0;4; True; No; ['Defense', ' ']; True;-1; ; ; 
48;4415; True;3;0;3; True;6;0;6; False; No; ['Shooting High', ' ']; True;-1; ; ; 
49;5809; True;0;0;0; True;8;0;11; False; No; ['Shooting High', ' ']; False;2; ; ; 
49;8546; True;0;0;0; False;0;0;0; True; No; ['Defense', ' ']; False;4; Weak defense; ; 
49;2638; True;1;0;1; True;10;0;10; False; No; ['Shooting High', ' ']; True;2; ; ; 
48;5705; True;0;0;1; False;0;0;1; False; Yes; ['']; False;-1; ; ; 
49;4381; True;2;2;2; True;11;0;15; False; No; ['Shooting High', ' ']; False;2; ; ; 
49;1756; True;2;0;2; True;14;0;15; False; No; ['Shooting High', ' ']; True;3; ; ; 
50;1023; True;1;0;1; True;6;0;6; False; Maybe; ['Shooting High', ' ']; False;-1; ; ; 
50;8841; True;4;0;4; True;10;0;10; False; No; ['Shooting High', ' ']; False;3; ; ; 
50;316; True;4;0;4; True;12;0;12; False; No; ['Shooting High', ' ']; False;2; ; ; 
50;1506; True;1;0;1; True;13;0;14; False; No; ['Shooting High', ' ']; False;1; ; ; 
50;8590; False;0;0;0; False;4;0;4; False; No; ['']; False;0; ; ; 
50;1745; True;0;0;0; True;0;4;4; True; No; ['Shooting Low', ' ']; False;0; Did nothing to the opponent ; ; 
51;5724; True;0;0;0; True;5;0;5; False; No; ['Shooting High', ' ']; False;3; ; ; 
60;2168; True;1;0;1; True;15;0;17; False; No; ['Shooting High', ' ']; False;4; ; ; 
51;1828; True;2;0;2; False;9;0;7; False; No; ['Shooting High', ' ']; False;0; ; ; 
51;694; True;5;0;5; False;11;0;12; False; No; ['Shooting High', ' ']; True;1; ; ; Would recommend 
52;498; False;0;0;0; True;0;0;0; True; No; ['Defense', ' ']; False;3; ; ; 
52;8153; True;0;0;0; True;0;0;0; True; No; ['Defense', ' ']; False;-1; Held two opponent balls entire match; ; 
52;3937; False;0;0;0; False;0;0;0; True; No; ['Defense', ' ']; False;4; ; ; 
52;2481; True;4;0;4; True;12;0;12; False; No; ['Shooting High', ' ']; False;4; ; ; 
61;4786; True;1;0;2; True;3;0;3; False; No; ['Shooting High', ' ']; False;4; ; ; 
53;1732; True;3;0;3; True;4;0;4; False; Yes; ['Shooting High', ' ']; False;-1; ; They fell over; 
53;2974; True;2;0;2; True;13;0;13; False; No; ['Shooting High', ' ']; False;2; ; ; 
53;8898; False;0;0;0; False;0;0;0; True; Maybe; ['Defense', ' ']; False;-1; ; ; 
53;1918; True;1;0;1; True;19;0;19; False; No; ['Shooting High', ' ']; False;4; ; ; Shoots from the fender
53;846; True;1;0;2; True;18;0;18; False; No; ['Shooting High', ' ']; True;-1; ; ; 88 blocked them from a 4 ball auto 
62;6413; True;2;0;2; True;0;0;0; False; Yes; ['Shooting High', ' ']; False;-1; ; They didn't move after auto; 
54;3414; True;2;2;2; True;2;0;2; True; No; ['Defense', ' Shooting High', ' ']; False;0; ; ; 
54;5422; True;0;0;2; True;4;0;4; False; No; ['Shooting High', ' ']; False;4; ; ; 
54;2590; True;0;0;1; True;8;0;10; False; No; ['Shooting High', ' ']; False;4; ; ; 
54;2557; True;1;0;1; True;7;0;8; False; Yes; ['Shooting High', ' ']; False;-1; ; ; 
54;3970; False;0;0;0; True;8;0;15; False; No; ['Shooting High', ' ']; True;-1; ; ; 
54;4329; True;3;0;4; True;8;0;10; False; No; ['Shooting High', ' ']; True;-1; ; ; 
55;5086; True;1;0;1; True;10;0;11; False; No; ['Shooting High', ' ']; True;3; ; ; 
55;8573; True;0;0;0; True;2;0;2; False; No; ['Shooting High', ' ']; False;0; ; ; 
55;2438; True;1;0;2; False;4;0;4; False; No; ['Shooting High', ' ']; False;3; ; ; 1 minute climb and ran out of time for traversal
55;1868; True;3;0;3; True;2;0;2; False; No; ['Shooting High', ' ']; False;3; ; ; 
55;3504; True;2;0;2; True;2;0;4; False; No; ['Shooting High', ' ']; False;2; ; ; 
55;401; True;4;0;4; True;12;0;12; False; No; ['Shooting High', ' ']; True;3; ; ; 
56;364; True;2;0;2; True;9;0;12; False; No; ['Shooting High', ' ']; False;4; ; ; 
56;4135; True;0;0;0; True;4;0;4; False; No; ['Shooting High', ' ']; False;2; ; ; 
56;5612; True;0;0;0; True;0;0;0; False; Yes; ['Shooting High', ' ']; False;-1; ; Lost coms; 
56;5903; True;0;0;1; False;0;0;0; True; No; ['Defense', ' ']; False;2; ; ; 
56;5089; True;2;0;2; True;0;0;3; False; No; ['Shooting High', ' ']; False;2; ; ; 
56;8122; True;0;0;2; True;1;0;1; True; No; ['Defense', ' ']; False;0; ; ; 
57;8546; False;0;0;0; False;0;0;0; True; No; ['Defense', ' ']; False;3; Where not good the opponents can push the robot out of the way; ; 
57;5114; True;4;0;4; True;12;0;12; False; Yes; ['Shooting High', ' ']; False;-1; ; Shutdown; 
57;86; True;1;0;1; True;7;0;7; False; No; ['Shooting High', ' ']; False;4; ; ; Shoots from fender. Sloppy intake
57;2687; True;1;0;1; True;10;0;10; False; No; ['Shooting High', ' ']; False;4; ; ; 
57;3175; True;0;0;0; True;15;0;16; False; No; ['Shooting High', ' ']; True;1; ; ; There to fast for themselves, driver cant handle the speed 
58;2556; True;2;0;2; True;7;0;7; False; No; ['Shooting High', ' ']; False;4; ; ; 
58;8841; True;2;0;2; True;4;0;6; False; No; ['Shooting High', ' ']; False;2; ; ; 
58;3256; True;2;0;4; True;9;0;10; False; No; ['Shooting High', ' ']; True;-1; ; ; 
58;2959; True;1;0;2; True;6;0;8; True; No; ['Defense', ' Shooting High', ' ']; False;1; ; ; 
58;1731; True;2;0;2; True;14;0;15; False; No; ['Shooting High', ' ']; False;4; ; ; 
58;2960; True;1;0;2; True;6;0;12; False; No; ['Shooting High', ' ']; False;3; ; ; Climb to early, to much in a rush
59;4415; True;2;0;2; True;8;0;8; False; No; ['Shooting High', ' ']; False;3; ; ; 
59;1619; True;3;0;4; True;11;0;12; False; No; ['Shooting High', ' ']; False;4; ; ; 
59;2638; True;0;0;1; True;3;0;5; False; No; ['Shooting High', ' ']; False;4; ; ; 
59;1023; True;2;0;2; True;19;0;21; False; No; ['Shooting High', ' ']; True;0; ; ; Fast swerve drive
59;6672; True;2;0;3; True;9;0;11; False; No; ['Shooting High', ' ']; False;4; ; ; 
59;4381; True;3;0;3; True;7;0;10; False; No; ['Shooting High', ' ']; True;-1; ; ; To fast for the driver 
60;1914; True;1;0;1; True;8;0;8; False; No; ['Shooting High', ' ']; False;3; ; ; 
60;1506; True;2;0;2; True;13;0;15; True; No; ['Shooting High', ' ']; True;-1; ; ; 
60;8590; True;1;0;1; True;4;0;6; False; No; ['Shooting High', ' ']; False;2; ; ; Janky intake
60;5809; True;2;0;2; True;7;0;8; False; No; ['Shooting High', ' ']; True;-1; ; ; 
60;694; True;5;0;5; True;17;0;17; False; No; ['Shooting High', ' ']; False;4; ; ; 
60;2586; True;2;0;2; True;9;0;11; False; No; ['Shooting High', ' ']; False;4; ; ; (Recommend) but a bit slow
61;2506; False;1;0;1; True;9;0;9; False; No; ['Shooting High', ' ']; True;3; ; ; 
61;3166; True;0;0;1; False;0;0;0; True; No; ['Defense', ' ']; False;0; There good they make their opponent go back to their driver station; ; 
61;2601; True;1;0;1; True;6;0;6; False; No; ['Shooting High', ' ']; False;4; ; ; Shoots from fender. Struggled against defense
61;1756; True;3;0;3; True;5;0;6; False; No; ['Shooting High', ' ']; False;3; ; ; 
61;1477; True;2;0;2; True;10;0;13; False; No; ['Shooting High', ' ']; False;3; ; ; 
61;599; True;0;1;1; True;0;1;1; True; No; ['Defense', ' ']; True;0; ; ; 
62;857; False;0;2;2; None;0;2;2; False; No; ['Shooting Low', ' ']; False;4; ; ; 
62;1745; True;0;2;2; True;0;7;7; False; No; ['Shooting Low', ' ']; True;-1; ; ; 
62;5705; True;0;0;1; True;0;0;0; False; No; ['Shooting High', ' ']; True;-1; ; ; 
62;1629; True;1;0;2; True;4;0;8; False; No; ['Shooting High', ' ']; False;4; ; ; 
62;3459; True;0;0;2; True;2;0;4; False; Maybe; ['Shooting High', ' ']; False;2; ; In the need rope snapped in there arm ; 
62;3476; True;5;0;5; True;17;0;22; False; No; ['Shooting High', ' ']; False;3; ; ; 
63;5724; True;2;0;2; True;0;0;5; False; No; ['Shooting High', ' ']; True;-1; ; ; 
63;7541; True;0;0;0; True;2;0;2; False; No; ['Shooting High', ' ']; False;4; ; ; 
63;118; True;3;0;3; True;16;0;19; False; No; ['Shooting High', ' ']; False;4; ; ; 
63;316; True;1;0;1; True;6;0;6; False; No; ['Shooting High', ' ']; False;0; ; ; 
63;3641; True;3;0;5; True;5;0;7; False; No; ['Shooting High', ' ']; False;0; ; ; Got hung up on opponents hanger
63;88; True;2;0;2; True;13;0;16; False; No; ['Shooting High', ' ']; True;4; ; ; Recommend 
64;1816; True;0;0;2; False;0;0;0; False; No; ['Defense', ' ']; False;4; Good they made it where the enemy only got 1 off; ; 
64;2590; True;1;0;1; True;8;0;10; False; No; ['Shooting High', ' ']; False;4; ; ; 
64;5089; True;2;0;2; True;9;0;10; False; No; ['Shooting High', ' ']; True;2; ; ; 
64;2974; True;2;0;2; True;12;1;13; False; No; ['Shooting High', ' ']; True;-1; ; ; 
64;2147; True;2;0;2; True;7;0;10; False; No; ['Shooting High', ' ']; True;-1; ; ; 
64;5089; True;2;0;2; True;9;0;10; False; No; ['Shooting High', ' ']; True;2; ; ; 
65;846; True;3;0;3; True;1;0;1; True; No; ['Defense', ' ']; False;4; Defense On 3970; ; 
65;8122; True;1;0;1; True;8;0;10; False; No; ['Shooting High', ' ']; False;2; ; ; 
65;4135; True;1;1;3; True;7;0;9; False; No; ['Shooting High', ' ']; False;0; ; ; 
65;8546; True;1;0;1; False;0;0;0; True; No; ['Defense', ' ']; False;0; ; ; 
65;401; False;1;0;1; True;3;0;3; False; Maybe; ['Shooting High', ' ']; False;2; ; ; 
65;3970; True;2;0;2; False;9;0;10; False; No; ['Shooting High', ' ']; True;0; ; ; 
66;5903; False;0;0;0; False;0;0;0; True; No; ['Defense', ' ']; False;2; ; ; 
66;2168; True;2;0;2; True;9;0;13; False; No; ['Shooting High', ' ']; False;0; ; ; 
66;8898; True;0;0;0; False;0;0;0; True; No; ['Defense', ' ']; False;-1; Bad; ; Wacky robot. Tipsy and bad at everything
66;3175; True;2;0;2; True;14;0;14; False; No; ['Shooting High', ' ']; True;2; ; ; 
66;4329; True;1;0;1; True;9;0;11; False; No; ['Shooting High', ' ']; True;-1; ; ; 
66;3256; True;1;0;1; True;7;0;8; False; No; ['Shooting High', ' ']; False;4; ; ; 
38;4135; True;2;0;2; True;0;0;2; True; No; ['Defense', ' Shooting High', ' ']; False;0; ; ; 
39;2506; True;2;0;2; True;0;0;0; True; No; ['Defense', ' ']; False;4; ; ; Technical difficulties with shooter
12;5086; True;1;0;1; False;0;0;0; True; No; ['Defense', ' ']; False;3; ; ; 
13;2506; True;1;0;1; True;0;0;0; False; Yes; ['Shooting High', ' ']; False;-1; ; ; 
14;5809; True;0;0;0; True;5;0;5; False; ; ['Shooting High', ' ']; False;2; ; ; 
15;8898; False;0;0;0; False;0;0;0; False; No; ['']; False;-1; ; ; 
16;1918; True;1;0;1; True;8;0;8; False; No; ['Shooting High', ' ']; False;4; ; ; 
17;3256; True;2;0;2; True;5;0;5; False; No; ['Shooting High', ' ']; True;2; ; ; 
26;254; True;5;0;5; True;12;0;12; False; No; ['Shooting High', ' ']; True;4; ; ; 
38;1745; True;3;0;3; True;10;0;10; False; No; ['Shooting Low', ' ']; False;4; ; ; 
39;1732; True;4;0;4; True;23;0;23; False; No; ['Shooting High', ' ']; True;0; ; ; 
40;3504; True;2;0;2; True;5;0;5; False; No; ['Shooting High', ' ']; True;2; ; ; 
12;1731; True;0;0;2; True;4;0;8; True; No; ['Defense', ' Shooting High', ' ']; True;4; ; ; 
13;8573; True;1;0;2; True;5;0;5; False; No; ['Shooting High', ' ']; False;2; ; ; 
14;2438; False;0;0;1; False;1;0;2; False; No; ['Shooting High', ' ']; False;4; ; ; 
15;2556; True;2;0;2; True;5;0;9; False; No; ['Shooting High', ' ']; False;4; ; ; 
16;401; True;5;0;5; True;7;0;9; False; No; ['Shooting High', ' ']; True;0; ; ; Fast swerve, good maneuvering, targeted by defense 
11;8153; True;0;1;1; True;0;4;6; False; No; ['Shooting Low', ' ']; True;-1; ; ; 
17;2638; True;1;0;1; False;1;0;1; True; No; ['Defense', ' ']; False;4; Not great; ; 
26;1771; True;3;0;4; True;24;0;25; False; No; ['Shooting High', ' ']; True;0; ; ; 
39;118; True;2;0;2; True;11;0;13; False; No; ['Shooting High', ' ']; False;4; ; ; 
38;2438; True;0;0;0; False;8;0;8; False; No; ['Shooting High', ' ']; False;4; ; ; 
37;1868; True;1;0;2; False;0;0;0; True; No; ['Defense', ' ']; False;3; They horded balls in a corner so the opponent couldn't get it; ; 
36;2557; True;2;0;2; True;9;0;9; False; No; ['Shooting High', ' ']; False;3; ; ; 
36;2557; True;2;0;2; True;9;0;9; False; No; ['Shooting High', ' ']; False;3; ; ; 
27;5089; True;1;0;2; True;6;0;6; False; ; ['Shooting High', ' ']; False;2; ; ; 
211;846; True;3;0;2; True;7;0;8; False; No; ['Shooting High', ' ']; False;3; ; ; 
17;2590; True;1;0;2; True;5;0;8; False; No; ['Shooting High', ' ']; False;4; ; ; 
16;3459; None;2;0;2; True;0;0;0; True; No; ['Defense', ' ']; False;3; ; ; 
15;4415; True;3;0;4; True;7;0;13; False; No; ['Shooting High', ' ']; False;4; ; ; 
15;2481; False;0;0;0; True;4;0;6; False; Maybe; ['Shooting High', ' ']; None;-1; ; ; 
14;1914; True;3;0;4; True;6;0;8; False; No; ['Shooting High', ' ']; True;-1; ; ; 
12;1771; True;4;0;4; True;7;0;12; False; No; ['Shooting High', ' ']; True;-1; ; ; 
38;1816; True;0;0;0; True;11;0;12; False; No; ['Shooting High', ' ']; False;0; ; ; 
26;118; True;4;0;4; True;16;0;18; False; No; ['Shooting High', ' ']; True;3; ; ; 
11;1629; True;2;0;2; True;7;0;8; False; No; ['Shooting High', ' ']; False;4; ; ; 
19;1506; True;1;0;1; True;8;0;10; False; No; ['Shooting High', ' ']; False;0; ; ; 
18;6413; True;1;0;1; False;0;0;0; True; No; ['Defense', ' ']; False;-1; They just drove around; ; 
17;364; True;5;0;5; True;30;0;31; False; No; ['Shooting High', ' ']; True;2; ; ; 
16;5612; True;0;0;0; False;0;0;0; True; No; ['Defense', ' ']; False;2; They just drive around. Did not stop other swerve from scoring; ; 
15;86; True;1;0;2; True;2;0;3; False; No; ['Shooting High', ' ']; False;3; ; ; 
14;118; True;3;0;3; True;20;0;22; False; No; ['Shooting High', ' ']; True;4; ; ; 
13;2147; True;2;0;2; True;9;0;12; False; No; ['Shooting High', ' ']; False;2; ; ; 
12;694; True;1;0;2; True;15;0;16; False; No; ['Shooting High', ' ']; True;-1; ; ; 
67;498; True;0;0;0; True;13;0;13; False; No; ['Shooting High', ' ']; True;2; ; ; 
67;6413; True;5;0;2; True;8;0;11; False; No; ['Shooting High', ' ']; False;3; ; ; 
67;86; True;0;0;0; True;8;0;8; False; No; ['Shooting High', ' ']; True;4; ; ; Easy 23 sec climb
67;5086; True;2;0;2; True;3;0;6; True; No; ['Shooting High', ' ']; True;-1; ; ; 
67;8841; True;0;0;1; False;4;0;4; False; No; ['Shooting High', ' ']; False;3; ; ; 
67;1619; True;4;0;4; True;20;0;21; False; No; ['Shooting High', ' ']; False;4; ; ; 
68;1771; True;5;0;5; True;22;0;22; False; No; ['Shooting High', ' ']; True;3; ; ; 
68;2960; True;2;0;2; True;5;0;8; False; No; ['Shooting High', ' ']; False;2; ; ; 
68;5612; True;1;0;1; False;0;0;0; True; No; ['Defense', ' ']; False;1; They where really good at keeping the enemy from scoring; ; 
68;8573; True;1;0;2; True;0;0;2; True; No; ['Shooting High', ' ']; False;0; ; ; 
68;1023; True;4;0;5; True;11;0;12; False; No; ['Shooting High', ' ']; True;2; ; ; 5612 great defense
68;5809; True;1;0;1; True;9;0;9; False; No; ['Shooting High', ' ']; False;0; ; ; Ball got stuck,took minute to release the ball. Rookie driver?
69;2438; True;1;0;1; False;2;0;2; False; No; ['Shooting High', ' ']; False;4; ; ; 
69;2687; True;1;0;3; True;4;0;5; False; No; ['Shooting High', ' ']; False;4; ; ; Trouble with intake
69;1918; True;0;0;2; True;8;0;11; False; No; ['Shooting High', ' ']; True;-1; ; ; 
69;3166; True;1;0;1; False;0;0;0; True; No; ['Defense', ' ']; False;0; Bad defense ; ; Ok defense, drivetrain seemed to have some issues
69;4381; True;3;0;3; True;15;0;17; False; No; ['Shooting High', ' ']; True;2; ; ; 
69;3937; True;2;0;2; True;14;0;15; False; No; ['Shooting High', ' ']; False;4; ; ; 
70;2586; True;4;0;4; True;8;0;8; False; No; ['Shooting High', ' ']; True;4; ; ; 
70;2601; True;2;0;1; True;9;0;11; False; No; ['Shooting High', ' ']; False;4; ; ; 
70;5705; True;2;0;2; False;2;0;3; False; No; ['Shooting High', ' ']; False;0; ; ; 
70;8153; True;0;1;1; True;0;0;0; True; No; ['Defense', ' ']; False;0; They don't have pushing power; ; They caused an intake intrusion foul
70;1828; True;1;0;1; False;7;0;10; False; No; ['Shooting High', ' ']; False;0; ; ; Slow shooter, balls bounced out
70;1828; True;4;0;4; True;9;0;12; False; No; ['Shooting High', ' ']; False;2; ; ; Difficulties climbing 
71;5724; True;1;0;1; True;6;0;6; False; No; ['Shooting High', ' ']; True;2; ; ; 
71;2959; True;2;0;2; True;0;0;0; True; No; ['Defense', ' ']; False;-1; Really good at blocking until it fell over; ; 
71;1756; None;4;0;4; True;10;0;14; False; No; ['Shooting High', ' ']; True;-1; ; ; 
71;857; True;1;0;1; False;0;0;0; True; No; ['Defense', ' ']; False;4; Decent but ineffective against 254; ; 20 sec transversal
71; ; True;5;0;5; True;19;0;20; False; No; ['Shooting High', ' ']; True;4; ; ; 
72;3476; True;0;0;0; True;5;0;9; False; No; ['Shooting High', ' ']; False;4; ; ; 
72;694; True;4;0;4; True;10;0;10; False; No; ['Shooting High', ' ']; False;3; ; ; 
72;599; True;0;0;0; True;0;0;0; True; No; ['Defense', ' ']; False;2; Hold two enemy cargo. Bade defense; ; 
72;2147; True;2;0;2; True;17;0;21; False; No; ['Shooting High', ' ']; True;2; ; ; Light weight, almost tipped over
72;118; True;2;0;2; True;22;0;26; False; No; ['Shooting High', ' ']; True;3; ; ; Shot opposite ball
72;88; True;3;1;4; True;12;0;16; False; No; ['Shooting High', ' ']; True;4; ; ; Driver is not smooth but the accurate shooter and fast climb make up for it 
73;5114; True;4;0;4; True;9;0;9; False; No; ['Shooting High', ' ']; False;3; ; ; 
73;8590; True;1;0;1; True;2;0;2; False; No; ['Shooting High', ' ']; False;2; ; ; 
73;3504; True;1;0;1; True;7;0;8; False; No; ['Shooting High', ' ']; True;0; ; ; Bad driving
73;2506; True;1;0;1; None;6;0;9; False; No; ['Shooting High', ' ']; False;3; ; ; Slow shooter
73;6672; True;3;0;3; True;11;0;13; False; No; ['Shooting High', ' ']; True;3; ; ; 
73;1742; True;0;2;2; True;0;0;0; True; Yes; ['Defense', ' ']; False;-1; They tipped over playing defense ; They tipped over when they got hit and caused twch foils for carrying 3 balls while laying there; 
75;2481; True;4;0;4; True;22;0;22; False; No; ['Shooting High', ' ']; True;4; ; ; 
74;316; True;2;0;2; True;16;0;17; False; No; ['Shooting High', ' ']; False;4; ; ; Seemed like their shooter was down for a bit
75;5422; True;0;0;1; True;4;0;8; False; No; ['Shooting High', ' ']; False;2; ; ; 
75;2638; True;2;0;2; True;10;0;11; False; No; ['Shooting High', ' ']; False;4; ; ; 
75;3641; True;2;0;2; True;12;0;12; False; No; ['Shooting High', ' ']; True;0; ; ; Slow drivers
76;1914; True;1;0;1; True;5;0;5; False; No; ['Shooting High', ' ']; False;2; ; ; 
76;2556; True;2;0;4; True;7;1;10; False; No; ['Shooting High', ' ']; False;4; ; ; Slow pickup
76;4786; True;2;0;2; True;8;0;11; False; No; ['Shooting High', ' ']; False;4; ; ; 
76;3459; True;0;0;0; True;0;0;0; True; No; ['Defense', ' ']; False;4; ; ; 
76;7541; True;1;0;1; True;2;0;2; False; Yes; ['Shooting High', ' ']; False;-1; ; ; 
77;3256; True;0;0;0; True;6;0;6; False; No; ['Shooting High', ' ']; False;4; ; ; 
77;2168; True;2;0;3; True;7;1;10; False; No; ['Shooting High', ' ']; True;4; ; ; 
5809;77; True;1;0;1; True;8;0;8; False; No; ['Shooting High', ' ']; False;2; ; ; 
77;5809; True;1;0;1; True;8;0;8; False; No; ['Shooting High', ' ']; False;2; ; ; 
77;401; True;2;0;2; True;12;0;14; False; No; ['Shooting High', ' ']; False;2; ; ; 
77;498; True;1;0;2; True;13;0;14; False; No; ['Shooting High', ' ']; True;3; ; ; 
77;3166; True;0;0;0; False;0;0;0; True; No; ['Defense', ' ']; False;-1; Really really good annoying defense; ; 
78;8573; True;1;0;1; True;5;0;5; False; No; ['Shooting High', ' ']; True;3; ; ; 
78;4329; True;2;0;2; True;14;0;21; False; No; ['Shooting High', ' ']; True;-1; ; ; 
78;6413; True;2;0;2; True;3;0;3; True; No; ['Defense', ' Shooting High', ' ']; False;2; Good at keeping a robot in one area; ; 40 sec climb 
78;1771; True;5;0;5; True;16;0;16; False; No; ['Shooting High', ' ']; True;-1; ; ; 
78;5705; True;0;0;0; True;0;0;2; False; No; ['Shooting High', ' ']; False;-1; ; ; 
79;8153; True;0;2;2; True;0;3;3; True; ; ['Defense', ' Shooting Low', ' ']; False;-1; ; ; 
79;3414; True;4;0;4; True;12;0;12; False; No; ['Shooting High', ' ']; True;-1; ; ; 
79;2586; True;2;0;2; True;8;0;8; False; No; ['Shooting High', ' ']; False;2; ; ; 
79;8153; True;0;1;1; True;0;3;5; True; No; ['Defense', ' Shooting Low', ' ']; False;-1; ; ; 
79;5089; True;0;1;1; True;1;1;9; False; No; ['Shooting High', ' ']; False;2; ; ; 
8898;79; False;0;0;0; False;0;0;0; True; No; ['Defense', ' ']; False;0; They just moved around very statically doing nothing.; ; Caused Intake intrusion foul
80;846; True;5;0;4; True;18;0;19; False; No; ['Shooting High', ' ']; False;4; ; ; 
80;2438; True;0;2;2; False;0;0;3; False; No; ['Shooting High', ' ']; False;4; ; ; 
80;3175; None;0;0;1; True;2;0;2; True; No; ['Defense', ' ']; True;2; Decent defense on 254; ; 
80;2557; True;3;0;3; True;13;0;15; False; No; ['Shooting High', ' ']; False;4; ; ; 
80;254; True;5;0;5; True;12;0;14; False; No; ['Shooting High', ' ']; True;2; ; ; Stuck while climbing last 4 secs
81;86; True;0;1;1; True;7;1;8; False; No; ['Shooting Low', ' ']; False;4; ; ; 15 sec traversal
81;2974; True;3;0;3; True;15;0;19; False; No; ['Shooting High', ' ']; True;-1; ; ; 5 ball was attempted but missed the last 2 balls
81;2601; True;1;0;1; True;0;0;0; True; No; ['Defense', ' ']; False;4; Caused fouls touching the team from protection zone ; ; 
81;1745; True;2;0;2; True;9;0;11; False; No; ['Shooting High', ' ']; None;2; ; ; 
81;3; True;3;0;3; True;19;0;23; False; No; ['Shooting High', ' ']; True;-1; ; ; 
82;2147; True;1;0;1; True;10;0;13; False; No; ['Shooting High', ' ']; True;2; ; ; 
82;1732; True;5;0;5; True;18;0;18; False; No; ['Shooting High', ' ']; False;4; ; ; 
82;1918; True;1;0;3; True;11;0;16; False; No; ['Shooting High', ' ']; False;4; ; ; 
82;8590; True;0;0;1; True;5;0;7; False; No; ['Shooting High', ' ']; False;2; ; ; 
82;1619; True;2;0;2; True;13;0;13; False; No; ['Shooting High', ' ']; True;3; ; ; Accurate shooting
83;2147; True;2;0;2; True;14;0;14; False; No; ['Shooting High', ' ']; True;0; ; ; They shoot single balls, and some miss communicate during climb 
83;3641; True;2;0;2; True;14;0;14; False; No; ['Shooting High', ' ']; True;4; ; ; 
83;2687; True;1;0;1; True;5;0;6; False; No; ['Shooting High', ' ']; False;3; ; ; 
83;599; True;0;1;0; True;0;0;0; True; No; ['Defense', ' ']; False;1; Kept 6672 at the safe zone; ; 
83;6672; True;1;0;2; True;7;0;15; False; No; ['Shooting High', ' ']; False;4; ; ; Good driving. Shoots from far so a lot bounce out. 
83;5903; True;1;0;1; False;0;0;0; True; No; ['Defense', ' ']; False;0; ; ; 
83;8841; True;2;0;2; True;6;0;6; False; No; ['Shooting High', ' ']; False;2; ; ; Unexperienced driver
84;1731; None;1;0;3; True;6;1;9; False; No; ['Shooting High', ' ']; True;4; ; ; 
84;4415; False;2;0;2; True;16;0;18; False; No; ['Shooting High', ' ']; True;2; ; ; 
84;5422; True;1;0;1; True;4;0;8; False; No; ['Shooting High', ' ']; False;4; ; ; 
84;1506; True;3;0;3; True;13;0;18; False; No; ['Shooting High', ' ']; False;-1; ; ; Good team 
84;364; True;5;0;5; None;16;0;16; False; No; ['Shooting High', ' ']; True;4; ; ; 
81;3641; True;1;0;0; True;0;0;0; True; No; ['Defense', ' ']; False;2; Not much effect but ok; ; Hanger slipped off
85;5114; True;4;0;4; True;8;0;13; False; No; ['Shooting High', ' ']; False;4; ; ; 
85;118; True;1;0;2; True;19;0;15; False; No; ['Shooting High', ' ']; True;3; ; ; Almost got to traversal bar in 5 sec
85;1816; True;2;0;2; True;2;0;2; False; No; ['Shooting High', ' ']; False;4; ; ;  
85;8546; True;0;0;0; False;0;0;0; True; No; ['Defense', ' ']; False;0; Too light; ; 
85;857; True;1;0;1; True;0;6;8; False; No; ['Shooting High', ' ']; False;4; ; ; 
85;1914; False;0;0;0; True;4;0;7; False; No; ['Shooting High', ' ']; False;0; ; ; 
86;7541; True;0;2;2; True;0;0;0; True; Yes; ['Defense', ' ']; False;-1; Kinda weak. Lightweight robot ; Tipped over; 
86;3476; True;3;0;5; True;12;0;17; False; No; ['Shooting High', ' ']; False;4; ; ; Were played defense and missed a couple of shots 
86;1026; True;2;0;2; True;8;0;8; False; No; ['Shooting High', ' ']; False;4; ; ; 
86;5612; True;1;0;1; True;0;0;0; False; No; ['Defense', ' ']; True;0; Bad; ; 
86;2481; True;0;0;0; True;1;0;1; True; Yes; ['Defense', ' ']; False;-1; Good defense ; ; Inexperienced driver 
86;1477; True;1;0;5; True;12;0;15; False; No; ['Shooting High', ' ']; False;4; ; ; 
87;5724; True;1;0;2; True;11;1;14; True; No; ['Shooting High', ' ']; True;2; Slow and ineffective; ; 
87;1629; True;1;0;2; True;4;0;7; False; No; ['Shooting High', ' ']; True;4; ; ; 
87;8122; True;0;0;1; True;2;0;8; True; No; ['Shooting High', ' ']; False;2; ; ; 
87;2590; True;2;0;2; True;11;0;14; False; No; ['Shooting Low', ' Shooting High', ' ']; False;3; ; ; 
87;4786; True;1;0;1; True;6;0;8; False; No; ['Shooting High', ' ']; False;4; ; ; 
87;4381; True;2;0;2; True;8;0;11; False; No; ['Shooting High', ' ']; False;2; ; ; 
88;3459; True;0;0;0; True;2;0;2; True; No; ['Defense', ' Shooting High', ' ']; False;3; ; ; 
88;1828; True;1;0;1; False;6;0;6; False; No; ['Shooting High', ' ']; False;2; ; ; 
88;3970; True;2;0;2; True;8;0;10; False; No; ['Shooting High', ' ']; False;4; ; ; 
88;1756; True;3;0;3; True;17;0;21; False; No; ['Shooting High', ' ']; True;-1; ; ; 
88;316; True;3;0;3; True;12;0;14; False; No; ['Shooting High', ' ']; False;4; ; ; 
89;4135; True;2;0;2; True;6;0;6; False; No; ['Shooting High', ' ']; False;2; ; ; Super Slow driver 
89;2556; False;0;0;0; True;8;0;10; False; No; ['Shooting High', ' ']; False;4; ; ; Climbed early 
89;1869; True;1;0;1; True;3;0;3; True; No; ['Defense', ' Shooting High', ' ']; False;3; Defense on 254; ; 
89;88; True;2;0;2; True;12;0;12; False; No; ['Shooting High', ' ']; False;4; ; ; 
89;2638; False;0;0;0; True;4;5;12; False; No; ['Shooting Low', ' Shooting High', ' ']; False;4; ; ; 
89;254; True;5;0;5; True;23;0;24; False; No; ['Shooting High', ' ']; True;2; ; ; 
89;4135; True;0;0;1; True;4;0;15; False; No; ['Shooting High', ' ']; True;0; ; ; Would not recommend, reckless
90;86; True;0;0;1; True;8;0;10; False; No; ['Shooting High', ' ']; False;0; ; ; 
90;846; True;3;0;3; True;14;0;14; False; No; ['Shooting High', ' ']; True;3; ; ; 
90;2168; True;5;0;5; True;14;0;17; False; No; ['Shooting High', ' ']; True;3; ; ; Accurate shooting
90;8590; False;0;0;1; True;4;0;4; False; No; ['Shooting High', ' ']; True;1; ; ; 
90;1771; True;2;0;2; True;24;0;27; False; No; ['Shooting High', ' ']; True;0; ; ; 
90;3414; True;2;0;3; True;0;0;9; False; No; ['Shooting High', ' ']; True;3; ; ; 
91;5705; True;2;0;2; True;0;0;0; True; No; ['Defense', ' Shooting High', ' ']; True;-1; ; ; 
91;3256; True;2;0;2; True;4;1;6; False; No; ['Shooting High', ' ']; False;4; ; ; 
91;2438; True;1;0;1; False;1;0;2; False; No; ['Shooting High', ' ']; False;3; ; ; Slow climber slow shooter. Dont pick. 
91;2974; True;3;0;5; True;7;4;11; False; No; ['Shooting High', ' ']; True;0; ; ; Got shut down by 599
91;599; True;0;1;1; True;0;3;4; True; No; ['Defense', ' ']; False;0; ; ; 
91;1732; True;4;0;5; True;14;0;18; False; No; ['Shooting High', ' ']; False;3; ; ; 
93;6413; True;0;0;1; True;1;0;1; True; No; ['Defense', ' ']; False;4; Bad; ; 
93;857; True;1;0;1; True;0;0;0; True; No; ['Defense', ' ']; True;4; ; ; 
93;118; None;4;0;5; True;31;0;32; False; No; ['Shooting High', ' ']; True;-1; ; ; 
93;1506; False;2;0;2; True;9;0;13; False; No; ['Shooting High', ' ']; True;-1; ; ; 
93;2687; True;3;0;3; True;9;0;9; False; No; ['Shooting High', ' ']; False;3; ; ; 
92;3175; True;2;0;2; True;4;0;6; False; No; ['Shooting Low', ' ']; False;-1; ; ; Robot drivetrain issues, did nothing one minute in
94;3166; False;0;0;0; False;0;0;0; True; No; ['Defense', ' ']; False;-1; They can stop them for getting the ball but thats it; ; 
94;5089; True;1;0;1; True;5;1;6; False; No; ['Shooting High', ' ']; True;-1; ; ; 
94;1914; None;2;0;2; True;5;0;12; False; No; ['Shooting High', ' ']; False;2; ; ; 
94;401; True;3;0;3; True;16;0;18; False; No; ['Shooting High', ' ']; True;3; ; ; 
94;1731; True;0;1;1; True;0;1;1; False; Maybe; ['Shooting Low', ' ']; False;-1; ; Lost coms or gave up looking for balls ; 
94;1745; False;0;0;0; False;0;1;1; False; Maybe; ['Shooting Low', ' ']; True;-1; ; ; 
95;2601; True;2;0;2; True;6;0;8; False; No; ['Shooting High', ' ']; False;4; ; ; 
95;3641; True;3;0;3; True;9;0;9; False; No; ['Shooting High', ' ']; False;4; ; ; 
95;4329; True;2;0;2; True;14;0;15; False; No; ['Shooting High', ' ']; True;-1; ; ; 
95;1023; False;0;0;0; True;2;0;2; False; No; ['Shooting High', ' ']; False;3; ; ; 
95;1629; True;1;0;1; False;3;0;3; True; No; ['Shooting High', ' ']; False;3; Does chase but light bumps ; ; 
95;8546; True;0;0;0; True;0;0;0; True; No; ['Defense', ' ']; False;2; They can keep balls away foe the other team; ; 
96;498; True;1;0;2; True;3;0;6; False; Yes; ['Shooting High', ' ']; False;-1; ; ; 
96;4381; True;2;0;2; True;2;0;2; False; No; ['Shooting High', ' ']; False;0; ; ; They were rammed.
96;2147; True;1;0;1; True;11;0;15; False; No; ['Shooting High', ' ']; False;2; ; ; 
96;1816; True;2;0;2; True;0;0;0; True; No; ['Defense', ' ']; False;4; ; ; 
97;3504; True;2;0;2; True;1;0;3; False; No; ['Shooting High', ' ']; False;0; ; ; 
96;1477; True;4;0;4; True;4;0;6; False; No; ['Shooting High', ' ']; False;4; ; ; 
97;5086; True;2;0;3; True;6;1;14; False; No; ['Shooting High', ' ']; True;-1; ; ; 
97;2960; True;2;0;2; True;8;0;18; False; No; ['Shooting High', ' ']; False;4; ; ; 
97;6672; True;3;0;3; True;19;0;19; False; No; ['Shooting High', ' ']; False;2; ; ; 
97;2590; True;2;0;3; True;4;0;8; False; No; ['Shooting High', ' ']; False;4; ; ; 
97;3459; True;2;0;2; True;0;0;0; True; No; ['Defense', ' ']; False;-1; ; ; 
97;88; True;2;0;2; True;10;0;15; False; No; ['Shooting High', ' ']; True;-1; ; ; 
98;2481; True;1;0;1; True;13;0;13; False; No; ['Shooting High', ' ']; False;4; ; ; 
98;1756; True;4;0;5; True;13;0;17; False; No; ['Shooting High', ' ']; False;3; ; ; 
98;1918; True;1;0;2; True;5;0;8; False; No; ['Shooting High', ' ']; False;4; ; ; 
98;5903; True;0;0;1; False;0;0;0; True; No; ['Defense', ' ']; False;2; Not good; ; 
98;2586; True;2;0;2; True;10;0;10; False; No; ['Shooting High', ' ']; False;4; ; ; 
97;3459; True;2;0;2; True;4;0;4; True; No; ['Shooting High', ' ']; False;4; ; ; 
99;3937; True;2;0;2; True;5;0;5; False; No; ['Shooting High', ' ']; False;4; ; ; 
99;3970; True;2;0;2; True;8;0;10; False; No; ['Shooting High', ' ']; False;4; ; ; Slow at picking up
99;1868; True;1;0;1; True;0;0;0; False; No; ['Defense', ' ']; False;-1; Wall trapper; ; 
99;8841; True;3;0;3; True;0;0;0; True; No; ['Defense', ' ']; False;-1; Okay defense; ; 
99;5724; True;5;0;5; True;8;0;10; False; No; ['Shooting High', ' ']; False;1; ; ; 
99;3476; True;4;0;4; True;12;0;13; False; No; ['Shooting High', ' ']; True;0; ; ; 
100;7541; True;2;2;5; True;7;0;11; False; No; ['Shooting High', ' ']; False;4; ; ; 
100;8898; False;0;0;0; False;0;0;0; True; No; ['Defense', ' ']; False;0; Bad defense; ; 
100;5422; True;2;0;2; True;6;0;6; False; No; ['Shooting High', ' ']; False;4; ; ; 
100;8122; True;2;0;2; True;5;0;7; True; No; ['Shooting High', ' ']; False;0; Weak; ; 
100;5114; True;5;0;5; True;5;0;12; False; No; ['Shooting High', ' ']; True;2; ; ; Overconfident on long range shots
100;1828; True;1;0;1; True;0;0;5; False; No; ['Shooting High', ' ']; False;2; ; ; 
